Stock Name,Stock Code,ISIN Code,Facility Code,Principle,Last Traded Price,Last Traded Yield,Last Traded Date,BIR,Rating Agency,Rating,Notch Variance,Date
AEON CREDIT SENIOR SUKUK (SERIES 1 TRANCHE 1),PK200003,MYBPK2000037,202000004,Islamic,98.41,4.259,2023-04-28,AA2,RAM,AA3,-1,2023-05-15
AEON CREDIT SENIOR SUKUK (SERIES 1 TRANCHE 2),PL200002,MYBPL2000027,202000004,Islamic,97.73,4.379,2023-04-19,AA2,RAM,AA3,-1,2023-05-15
AEON CREDIT SUB SUKUK (SERIES 2 TRANCHE 1),PN200005,MYBPN2000056,202000011,Islamic,99.17,4.422,2023-05-08,AA3,RAM,A1,-1,2023-05-15
AGROBANK IMTN 3.630% 02.11.2026,VI210390,MYBVI2103908,202100056,Islamic,99.5,3.749,2022-04-01,AAA,MARC,AAA IS,0,2023-05-15
AGROBANK IMTN 3.900% 02.11.2028,VK210391,MYBVK2103912,202100056,Islamic,99.33,4.038,2023-05-10,AAA,MARC,AAA IS,0,2023-05-15
AIBB IMTN1 PERPETUAL AT1 SUKUK WAKALAH,VZ180281,MYBVZ1802819,201800050,Islamic,100.62,4.45,2023-04-06,A1,RAM,A3,-2,2023-05-15
AIBB IMTN2 T2 SUKUK MURABAHAH,VN180292,MYBVN1802922,201800051,Islamic,100.395,4.123,2023-05-11,AA3,RAM,A1,-1,2023-05-15
AIBB IMTN3 SENIOR SUKUK MURABAHAH,VG220484,MYBVG2204841,201800052,Islamic,100.95,4.201,2023-01-09,AA1,RAM,AA3,-2,2023-05-15
AIBB IMTN4 SENIOR SUKUK MURABAHAH,VI220483,MYBVI2204839,201800052,Islamic,102.6,4.121,2023-05-11,AA1,RAM,AA3,-2,2023-05-15
AISL 4.100% 27.03.2025,PI200007,MYBPI2000072,201000040,Islamic,99.965,4.117,2023-05-08,AA2,RAM,AA3,-1,2023-05-15
AISL IMTN 06.12.2030,VN200337,MYBVN2003371,201400009,Islamic,95.28,4.836,2022-12-02,AA3,RAM,A1,-1,2023-05-15
AISL IMTN 08.03.2032,VN220115,MYBVN2201157,201400009,Islamic,96.4,5.181,2022-10-21,A1,RAM,A1,0,2023-05-15
AISL IMTN 28.03.2033,VN230071,MYBVN2300710,201400009,Islamic,,,,AA3,RAM,A1,-1,2023-05-15
AISL IMTN 4.880% 18.10.2028,VN180280,MYBVN1802807,201400009,Islamic,100.225,4.434,2023-04-10,A1,RAM,A1,0,2023-05-15
ALLIANCEI IMTN 4.450% 29.04.2032,VN220196,MYBVN2201967,201900021,Islamic,,,,AA3,RAM,A2,-2,2023-05-15
ALLIANCEI IMTN 5.950% 29.03.2119,VZ190075,MYBVZ1900753,201900020,Islamic,99.92,6.005,2022-11-07,A2,RAM,BBB1,-2,2023-05-15
ASIANFIN IMTN 4.900% 08.12.2023,VJ180117,MYBVJ1801179,201800015_1,Islamic,101.32,3.82,2022-08-29,AA2,RAM,AAA,2,2023-05-15
ASIANFIN IMTN 5.000% 10.12.2024,VK180115,MYBVK1801151,201800015_1,Islamic,101.19,4.335,2023-01-18,AA2,RAM,AAA,2,2023-05-15
ASIANFIN IMTN 5.000% 20.10.2023,VJ180107,MYBVJ1801070,201800015_3,Islamic,,,,AA2,RAM,AA1,1,2023-05-15
ASIANFIN IMTN 5.000% 29.05.2023,VJ180125,MYBVJ1801252,201800015_2,Islamic,,,,AA2,RAM,AA1,1,2023-05-15
